Interval_Start,Average_Trip_Distance,Average_Total_Amount
2022-06-15 00:00:00,6.1549064556791935,22.354481465322603
