Interval_Start,Average_Trip_Distance,Average_Total_Amount
2022-04-01 00:00:00,5.675329558561089,21.5037014046303
