Interval_Start,Average_Trip_Distance,Average_Total_Amount
2022-01-01 00:00:00,5.557673940911856,19.893831395131226
