Interval_Start,Average_Trip_Distance,Average_Total_Amount
2022-02-15 00:00:00,6.027635289370393,20.1730460856769
