Interval_Start,Average_Trip_Distance,Average_Total_Amount
2022-03-17 00:00:00,5.524743994191999,21.122904905890888
