Interval_Start,Average_Trip_Distance,Average_Total_Amount
2022-01-16 00:00:00,4.819754196150077,19.067394159270528
