Interval_Start,Average_Trip_Distance,Average_Total_Amount
2022-05-31 00:00:00,6.363175825072935,22.43192843165969
