Interval_Start,Average_Trip_Distance,Average_Total_Amount
2022-03-02 00:00:00,6.603883004260132,20.694314268886043
