Interval_Start,Average_Trip_Distance,Average_Total_Amount
2022-06-30 00:00:00,5.822572775821961,22.19471234363181
