Interval_Start,Average_Trip_Distance,Average_Total_Amount
2022-01-31 00:00:00,6.107173537107614,19.5398476487689
