Interval_Start,Average_Trip_Distance,Average_Total_Amount
2022-05-01 00:00:00,6.27039115464849,21.949104383138508
