Interval_Start,Average_Trip_Distance,Average_Total_Amount
2022-04-16 00:00:00,5.7993287398573825,21.435654036249122
